<?xml version="1.0" encoding="UTF-8"?>
<project xmlns="http://maven.apache.org/POM/4.0.0"
         xmlns:xsi="http://www.w3.org/2001/XMLSchema-instance"
         xsi:schemaLocation="http://maven.apache.org/POM/4.0.0
                             http://maven.apache.org/maven-v4_0_0.xsd">

    <modelVersion>4.0.0</modelVersion>

    <name>JFreeChart</name>

    <artifactId>jfreechart</artifactId>
    <groupId>org.jfree</groupId>
    <version>1.5.0-SNAPSHOT</version>
    <packaging>jar</packaging>

    <!-- this is required to host it on Sonatype's OSSRH -->
    <parent>
        <groupId>org.sonatype.oss</groupId>
        <artifactId>oss-parent</artifactId>
        <version>9</version>
    </parent>

    <organization>
        <name>JFree.org</name>
        <url>http://www.jfree.org/</url>
    </organization>
    <inceptionYear>2001</inceptionYear>

    <description>
        JFreeChart is a class library, written in Java, for generating charts. 
        Utilising the Java2D APIs, it currently supports bar charts, pie charts, 
        line charts, XY-plots and time series plots.
    </description>

    <url>http://www.jfree.org/jfreechart/</url>
    <issueManagement>
        <url>https://github.com/jfree/jfreechart/issues</url>
        <system>GitHub Issues</system>
    </issueManagement>
    <scm>
        <connection>scm:git:git:https://github.com/jfree/jfreechart.git</connection>
        <url>https://github.com/jfree/jfreechart</url>
    </scm>

    <licenses>
        <license>
            <name>GNU Lesser General Public Licence</name>
            <url>http://www.gnu.org/licenses/lgpl.txt</url>
            <distribution>repo</distribution>
        </license>
    </licenses>

    <dependencies>
        <dependency>
            <groupId>org.jfree</groupId>
            <artifactId>jcommon</artifactId>
            <version>1.0.23</version>
        </dependency>

        <!-- FXGraphics2D is used for JavaFX support. -->
        <dependency>
            <groupId>org.jfree</groupId>
            <artifactId>fxgraphics2d</artifactId>
            <version>1.3</version>
        </dependency>

        <!-- JFreeSVG enables SVG export -->
        <dependency>
            <groupId>org.jfree</groupId>
            <artifactId>jfreesvg</artifactId>
            <version>3.0</version>
        </dependency>
        
        <!-- OrsonPDF enables PDF export -->
        <dependency>
            <groupId>com.orsonpdf</groupId>
            <artifactId>orsonpdf</artifactId>
            <version>1.7</version>
        </dependency>

        <dependency>
            <groupId>javax.servlet</groupId>
            <artifactId>servlet-api</artifactId>
            <version>2.5</version>
            <scope>provided</scope>
        </dependency>

        <dependency>
            <groupId>junit</groupId>
            <artifactId>junit</artifactId>
            <version>4.11</version>
            <scope>test</scope>
        </dependency>

    </dependencies>

    <distributionManagement>
        <snapshotRepository>
            <id>ossrh</id>
            <url>https://oss.sonatype.org/content/repositories/snapshots</url>
        </snapshotRepository>
    </distributionManagement>    
    
    <build>
        <sourceDirectory>source</sourceDirectory>
        <testSourceDirectory>src/test/java</testSourceDirectory>

        <plugins>
            <plugin>
                <groupId>org.apache.maven.plugins</groupId>
                <artifactId>maven-compiler-plugin</artifactId>
                <version>3.1</version>
                <configuration>
                    <source>${project.source.level}</source>
                    <target>${project.target.level}</target>
                    <encoding>${project.build.sourceEncoding}</encoding>
                    <excludes>
                      <exclude>org/jfree/chart/demo/**</exclude>
                    </excludes>                
                </configuration>
            </plugin>

            <plugin>
                <groupId>org.apache.maven.plugins</groupId>
                <artifactId>maven-surefire-plugin</artifactId>
                <version>2.10</version>
                <configuration>
                    <includes>
                        <include>**/*Test.java</include>
                    </includes>
                    <excludes>
                        <exclude>**/JFreeChartTestSuite.java</exclude>
                        <exclude>**/*PackageTests.java</exclude>
                    </excludes>
                </configuration>
            </plugin>

            <plugin>
                <groupId>org.apache.maven.plugins</groupId>
                <artifactId>maven-resources-plugin</artifactId>
                <version>2.6</version>
                <configuration>
                    <encoding>${project.build.sourceEncoding}</encoding>
                </configuration>
            </plugin>

 <!--           <plugin>
              <groupId>org.apache.maven.plugins</groupId>
              <artifactId>maven-gpg-plugin</artifactId>
              <version>1.5</version>
              <executions>
                <execution>
                  <id>sign-artifacts</id>
                  <phase>verify</phase>
                  <goals>
                    <goal>sign</goal>
                  </goals>
                </execution>
              </executions>
            </plugin>
-->
            <plugin>
              <groupId>org.sonatype.plugins</groupId>
              <artifactId>nexus-staging-maven-plugin</artifactId>
              <version>1.6.2</version>
              <extensions>true</extensions>
              <configuration>
                <serverId>ossrh</serverId>
                <nexusUrl>https://oss.sonatype.org/</nexusUrl>
                <autoReleaseAfterClose>false</autoReleaseAfterClose>
              </configuration>
            </plugin>            
      
            <plugin>
              <groupId>org.codehaus.mojo</groupId>
              <artifactId>cobertura-maven-plugin</artifactId>
              <version>2.5.1</version>
            </plugin>

            <plugin>
                <groupId>org.codehaus.mojo</groupId>
                <artifactId>animal-sniffer-maven-plugin</artifactId>
                <version>1.7</version>
                <configuration>
                    <signature>
                        <groupId>org.codehaus.mojo.signature</groupId>
                        <artifactId>java16</artifactId>
                        <version>1.0</version>
                    </signature>
                </configuration>
            </plugin>
          
            <plugin>
                <groupId>org.apache.maven.plugins</groupId>
                <artifactId>maven-site-plugin</artifactId>
                <version>3.4</version>
            </plugin>
        </plugins>
    </build>

    <reporting>
        <plugins>
            <plugin>
                <groupId>org.apache.maven.plugins</groupId>
                <artifactId>maven-javadoc-plugin</artifactId>
                <version>2.9.1</version>
            </plugin>

            <plugin>
                <groupId>org.apache.maven.plugins</groupId>
                <artifactId>maven-surefire-report-plugin</artifactId>
                <version>2.8</version>
            </plugin>
                
            <plugin>
                <groupId>org.apache.maven.plugins</groupId>
                <artifactId>maven-jxr-plugin</artifactId>
                <version>2.3</version>
            </plugin>

            <plugin>
                <groupId>org.codehaus.mojo</groupId>
                <artifactId>cobertura-maven-plugin</artifactId>
                <version>2.5.1</version>
            </plugin>
        </plugins>
    </reporting>

    <properties>
        <project.build.sourceEncoding>UTF-8</project.build.sourceEncoding>
        <project.source.level>1.8</project.source.level>
        <project.target.level>1.8</project.target.level>
    </properties>

    <profiles>
        <profile> 
            <id>release</id>
            <build>
                <plugins>
                    <plugin>
                        <inherited>true</inherited>
                        <groupId>org.apache.maven.plugins</groupId>
                        <artifactId>maven-javadoc-plugin</artifactId>
                        <version>2.9.1</version>
                        <executions>
                            <execution>
                                <id>attach-javadoc</id>
                                <goals>
                                    <goal>jar</goal>
                                </goals>
                            </execution>
                        </executions>
                        <configuration>
                            <sourceFileExcludes>
                                <!--        <exclude>org/jfree/chart/fx/**</exclude> -->
                            </sourceFileExcludes>
                        </configuration>
                    </plugin>
                    <plugin>
                        <groupId>org.apache.maven.plugins</groupId>
                        <artifactId>maven-source-plugin</artifactId>
                        <version>2.2.1</version>
                        <executions>
                            <execution>
                                <id>attach-sources</id>
                                <goals>
                                    <goal>jar-no-fork</goal>
                                </goals>
                            </execution>
                        </executions>
                    </plugin>
                </plugins>
            </build>
        </profile>
    </profiles>
</project>
